animal_id,timestamp,lat,lon,step_length_km,bearing,turn_angle_rad,state,behavior
128786,2014-07-11,27.4436491,-89.94050321,12.548719285453243,-0.4247490323913354,-2.6123689082861246,1,Foraging
128786,2014-07-12,27.54646472,-89.99295534,10.684711530641236,-0.06905846719287329,0.3556905651984623,1,Foraging
128786,2014-07-13,27.6423254,-90.0004402,16.237810491468483,-0.14042550183132857,-0.07136703463845517,1,Foraging
128786,2014-07-14,27.78691618,-90.02354328,14.390751312791847,-0.7044234593843967,-0.563997957553068,1,Foraging
128786,2014-07-15,27.88549926,-90.11836466,6.756614959027276,-0.9186598455936718,-0.21423638620927488,1,Foraging
128786,2014-07-16,27.92236511,-90.17302203,3.6062675540410183,2.7056515927659075,-2.658873868820007,1,Foraging
128786,2014-07-17,27.89296556,-90.15752704,29.285971873086613,2.347686101909133,-0.3579654908567744,0,Traveling
128786,2014-07-18,27.70816021,-89.94538873,41.65357807283916,-0.5723659885028284,-2.9200520904119616,0,Traveling
128786,2014-07-19,28.02286697,-90.17522542,11.291831112982436,-0.32557328629242727,0.24679270221040106,1,Foraging
128786,2014-07-20,28.11907727,-90.21205311,16.632317286735397,-2.0799389865051165,-1.7543657002126893,1,Foraging
128786,2014-07-21,28.0460892,-90.36003684,13.961468916596534,-2.646163864078841,-0.5662248775737244,1,Foraging
128786,2014-07-22,27.9356107,-90.42760143,17.34361856812479,3.1009357199930956,-0.5360857231076501,1,Foraging
128786,2014-07-23,27.7797645,-90.42043586,42.70953590231326,2.22811393758961,-0.8728217824034856,0,Traveling
128786,2014-07-24,27.54466048,-90.0775014,43.886745360838916,2.2184865754465495,-0.00962736214306048,0,Traveling
128786,2014-07-25,27.30608133,-89.72327875,40.752142471784936,0.048450740393268035,-2.1700358350532816,0,Traveling
128786,2014-07-26,27.67214264,-89.70323653,31.27466810944492,0.32187931511974516,0.2734285747264771,0,Traveling
128786,2014-07-27,27.93892128,-89.60252176,21.7410267289487,2.9688205643065264,2.6469412491867814,1,Foraging
128786,2014-07-28,27.74630525,-89.56454192,12.03095638869977,2.385168941704315,-0.5836516226022113,1,Foraging
128786,2014-07-29,27.66758883,-89.48069647,43.335822219027555,2.0691552610256694,-0.31601368067864577,0,Traveling
128786,2014-07-30,27.48077046,-89.09483287,54.19629384954882,2.182342576571628,0.11318731554595862,0,Traveling
128786,2014-07-31,27.20021929,-88.64615275,60.69115039115442,2.2796464811176875,0.09730390454605953,0,Traveling
128786,2014-08-01,26.84415458,-88.18178394,55.62998068522674,2.4821777688012534,0.20253128768356587,0,Traveling
128786,2014-08-02,26.44833643,-87.83944963,48.51061309066322,2.4921595143830353,0.009981745581781887,0,Traveling
128786,2014-08-03,26.10058216,-87.54566632,25.065057234389425,3.123776585497055,0.6316170711140199,0,Traveling
128786,2014-08-04,25.87520239,-87.54120307,33.84137433662253,1.5174272954229457,-1.6063492900741094,0,Traveling
128786,2014-08-05,25.89104609,-87.20338514,41.380412594920664,0.9633967223659033,-0.5540305730570423,0,Traveling
128786,2014-08-06,26.10304354,-86.86309803,47.911191370657676,0.8772770840651964,-0.08611963830070701,0,Traveling
128786,2014-08-07,26.37800765,-86.49324694,36.78636669696433,1.085765725560768,0.20848864149557134,0,Traveling
128786,2014-08-08,26.5318794,-86.16612628,24.96980764467228,1.540299215803248,0.45453349024248,0,Traveling
128786,2014-08-09,26.5385072,-85.9152365,74.71775800131374,-2.674534355547039,2.0683517358292995,0,Traveling
128786,2014-08-10,25.93812853,-86.25167656,12.246593271915021,-1.9703529940840092,0.7041813614630295,0,Traveling
128786,2014-08-11,25.89524077,-86.36446212,62.06175150770677,0.2253186916054196,2.1956716856894287,0,Traveling
128786,2014-08-12,26.4392009,-86.22520154,16.072218985755057,0.6466486497111155,0.42132995810569573,1,Foraging
128786,2014-08-13,26.55452712,-86.12784309,7.9569200997110014,-0.6514755882337351,-1.2981242379448505,1,Foraging
128786,2014-08-14,26.61142134,-86.17637437,9.365547533828446,-2.6969038505659078,-2.0454282623321727,1,Foraging
128786,2014-08-15,26.53538069,-86.21687277,31.14820713023187,-3.081086936017247,-0.38418308545133906,0,Traveling
128786,2014-08-16,26.25576949,-86.23576001,71.83474187287653,-2.8857300219508986,0.19535691406634825,0,Traveling
128786,2014-08-17,25.63066166,-86.41709622,21.26677916681979,-0.8742640568138026,2.011465965137096,0,Traveling
128786,2014-08-18,25.75327429,-86.57998271,41.671406717396174,-1.2219792554357463,-0.3477151986219438,0,Traveling
128786,2014-08-19,25.88083858,-86.97143518,41.53396213361001,-1.7745264087342456,-0.5525471532984993,0,Traveling
128786,2014-08-20,25.80470021,-87.37775118,59.19588360829148,-1.5641493561066637,0.21037705262758166,0,Traveling
128786,2014-08-21,25.80704291,-87.96907845,57.52429642227143,-1.462200129537462,0.10194922656920191,0,Traveling
128786,2014-08-22,25.86199507,-88.54060041,46.04502757160908,-1.4728926820317558,-0.010692552494293572,0,Traveling
128786,2014-08-23,25.9017525,-88.9987331,27.096964827293473,-1.8193118544195912,-0.3464191723878356,0,Traveling
128786,2014-08-24,25.84157734,-89.26117955,23.256016322765408,0.8255387159060595,2.6448505703256506,0,Traveling
128786,2014-08-25,25.98331215,-89.0901921,45.20011665806271,2.258585018766915,1.4330463028608555,0,Traveling
128786,2014-08-26,25.72483989,-88.74156099,154.83963937616105,0.013161576643849518,-2.245423442123066,0,Traveling
128786,2014-08-27,27.11722416,-88.72097258,102.00218949862875,2.4303176957711123,2.417156119127263,0,Traveling
128786,2014-08-28,26.42074055,-88.0523118,66.83618818777734,0.767165993335358,-1.6631517024357545,0,Traveling
128786,2014-08-29,26.85267946,-87.58468841,54.161047840454714,0.6356286226614116,-0.13153737067394644,0,Traveling
128786,2014-08-30,27.24426128,-87.25943518,33.65085198020473,0.44505414062089266,-0.19057448204051886,0,Traveling
128786,2014-08-31,27.51733404,-87.11253274,13.74597222791146,-0.11241929882273703,-0.5574734394436298,0,Traveling
128786,2014-09-01,27.64017332,-87.12818733,67.8634609166683,0.5316295029725419,0.6440488017952788,0,Traveling
128786,2014-09-02,28.16580817,-86.77724434,38.021113723266296,0.3625334668737818,-0.16909603609876012,0,Traveling
128786,2014-09-03,28.48544598,-86.63927832,17.982272014905092,0.3924474806813181,0.02991401380753622,1,Foraging
128786,2014-09-04,28.63485175,-86.56881016,17.09333876720498,1.9205623212224563,1.5281148405411384,1,Foraging
128786,2014-09-05,28.58207462,-86.40435145,22.769807719768107,-2.6320032387839865,1.7306197471731437,1,Foraging
128786,2014-09-06,28.40327111,-86.51791437,46.22015538667721,-2.8780354804661537,-0.2460322416821672,0,Traveling
128786,2014-09-07,28.00190164,-86.64055969,87.52289320049802,-2.9874984577742656,-0.10946297730811194,0,Traveling
128786,2014-09-08,27.2240492,-86.77641551,140.2565522596934,-3.133298385960214,-0.14579992818594834,0,Traveling
128786,2014-09-09,25.96273463,-86.78805083,29.439369010393037,1.1201539817497392,-2.029732939469633,0,Traveling
128786,2014-09-10,26.07780495,-86.52271566,44.393560950120104,1.2489654081376655,0.12881142638792653,0,Traveling
128786,2014-09-11,26.20347221,-86.10059124,24.77326585342266,0.5582770988113728,-0.6906883093262928,0,Traveling
128786,2014-09-12,26.39237687,-85.96884093,55.5778530281885,0.5365440966860312,-0.02173300212534146,0,Traveling
128786,2014-09-13,26.8216803,-85.6825481,28.656960117983747,0.15137631086906347,-0.385167785816968,0,Traveling
128786,2014-09-14,27.07644469,-85.63890088,23.502155681240012,-0.5785625288714377,-0.7299388397405009,0,Traveling
128786,2014-09-15,27.25334592,-85.76890892,17.050327530299825,-0.5420536706759422,0.03650885819549554,0,Traveling
128786,2014-09-16,27.38467425,-85.85799852,34.02453394204599,-1.286390882625114,-0.7443372119491718,0,Traveling
128786,2014-09-17,27.4701404,-86.1890188,45.20731320477604,0.45923194262896894,1.7456228252540829,0,Traveling
128786,2014-09-18,27.83442881,-85.98523043,16.460342334486064,0.09382240956923986,-0.3654095330597289,0,Traveling
128786,2014-09-19,27.98180828,-85.96952628,36.02676442981688,-1.6859911423248048,-1.7798135518940448,0,Traveling
128786,2014-09-20,27.94408814,-86.33385465,48.98696681129634,-2.096622131230939,-0.41063098890613414,0,Traveling
128786,2014-09-21,27.72229473,-86.76430052,79.97798225434106,-2.7731637407216456,-0.6765416094907066,0,Traveling
128786,2014-09-22,27.05099825,-87.0551551,140.48374997353434,-2.880999291569995,-0.10783555084834928,0,Traveling
128786,2014-09-23,25.82979271,-87.41678015,40.84056042022248,-2.1135480066860675,0.7674512848839274,0,Traveling
128786,2014-09-24,25.63967439,-87.76563597,38.451761384713464,-0.9071765277581507,1.2063714789279167,0,Traveling
128786,2014-09-25,25.85236855,-88.06834448,32.91132695873613,-1.6511427108926422,-0.7439661831344915,0,Traveling
128786,2014-09-26,25.82824545,-88.39611116,41.82129908498707,2.589351450601536,-2.042691145685408,0,Traveling
128786,2014-09-27,25.50788221,-88.17749805,46.93874105564909,0.8049241716051674,-1.7844272789963684,0,Traveling
128786,2014-09-28,25.8001007,-87.83954942,34.34578508300199,-0.43732144478082996,-1.2422456163859974,0,Traveling
128786,2014-09-29,26.07983834,-87.98519276,25.46427797546915,0.01461153463388616,0.4519329794147162,0,Traveling
128786,2014-09-30,26.3088196,-87.98146013,54.06041023980269,1.0136577595050678,0.9990462248711811,0,Traveling
128786,2014-10-01,26.56515179,-87.52009999,55.180155776501195,1.1419523876017936,0.1282946280967261,0,Traveling
128786,2014-10-02,26.77060863,-87.01460933,48.871481009427086,0.8742102339476149,-0.26774215365417886,0,Traveling
128786,2014-10-03,27.05209741,-86.6360741,28.832078557958013,0.8345750073509125,-0.03963522659670238,0,Traveling
128786,2014-10-04,27.22604573,-86.41999553,8.300731657285253,-0.1862672457137429,-1.0208422530646555,1,Foraging
128786,2014-10-05,27.29940387,-86.43555291,6.354935307831367,1.2686391914938475,1.4549064372075904,1,Foraging
128786,2014-10-06,27.31639756,-86.37414263,2.960191069010732,2.9071164123537425,1.6384772208598948,1,Foraging
128786,2014-10-07,27.29050422,-86.36718286,13.2752628163883,2.050386476887976,-0.8567299354657667,1,Foraging
128786,2014-10-08,27.2353666,-86.24805738,13.44799480275557,2.1993960098359877,0.1490095329480119,1,Foraging
128786,2014-10-09,27.164209,-86.13810694,23.135473010803963,1.89796829776989,-0.301427712066098,1,Foraging
128786,2014-10-10,27.09717119,-85.91678827,29.924654107079412,1.0497817689275637,-0.8481865288423265,1,Foraging
128786,2014-10-11,27.23088397,-85.65428421,20.269683532237334,-1.8824627069510953,-2.932244475878659,1,Foraging
128786,2014-10-12,27.17485069,-85.84932061,21.09146034952801,-2.3697258545721662,-0.4872631476210709,1,Foraging
128786,2014-10-13,27.03884589,-85.99785219,5.113741014533779,-0.7072588016347654,1.6624670529374006,1,Foraging
128786,2014-10-14,27.07380024,-86.03141098,13.498097905726121,-2.1091749160751667,-1.4019161144404013,1,Foraging
128786,2014-10-15,27.01150911,-86.14839116,18.51377895506724,-2.8425681372589415,-0.7333932211837748,1,Foraging
128786,2014-10-16,26.85238851,-86.20336748,31.759098946842272,-3.035926295081157,-0.19335815782221566,0,Traveling
128786,2014-10-17,26.56836111,-86.23704788,41.98709230797009,1.1845186511362416,-2.062740360962188,0,Traveling
128786,2014-10-18,26.71008343,-85.84548862,30.96765325775255,1.7606095211246524,0.5760908699884109,0,Traveling
128786,2014-10-19,26.65720945,-85.53946312,23.793710393416877,-0.5738581128942158,-2.334467634018868,1,Foraging
128786,2014-10-20,26.83685491,-85.66965041,14.082049794316013,-0.43370759655154506,0.14015051634267062,1,Foraging
128786,2014-10-21,26.95175992,-85.72935517,15.192908480941234,-1.068338781774587,-0.634631185223042,1,Foraging
128786,2014-10-22,27.01749609,-85.86376959,6.742424818056368,-1.6895034329499128,-0.6211646511753255,1,Foraging
128786,2014-10-23,27.01029892,-85.93135033,11.052016701041605,3.0973843876509726,-1.496297486578701,1,Foraging
128786,2014-10-24,26.91100277,-85.92642433,55.13501558085805,-2.105745921668023,1.0800549978605911,0,Traveling
128786,2014-10-25,26.65742228,-86.40372823,26.685036082385125,0.03369829843359994,2.1394442201016233,1,Foraging
128786,2014-10-26,26.89727004,-86.39466192,16.592460669634708,-0.999124706542644,-1.032823004976244,1,Foraging
128786,2014-10-27,26.97793377,-86.53547874,14.609364358045312,-1.1563985642753183,-0.15727385773267422,1,Foraging
128786,2014-10-28,27.03077021,-86.67049182,29.705050942204448,0.3459562756431023,1.5023548399184206,0,Traveling
128786,2014-10-29,27.28204958,-86.56856645,48.82144185869321,-1.0396304715147022,-1.3855867471578045,0,Traveling
128786,2014-10-30,27.50380353,-86.99537009,6.97412010332818,1.0794323312995382,2.1190628028142404,1,Foraging
128786,2014-10-31,27.53338263,-86.93300762,16.612429390082056,2.0002038777171687,0.9207715464176305,1,Foraging
128786,2014-11-01,27.47109911,-86.77990919,14.883317509163101,-2.7660465756625063,1.5169348537999117,1,Foraging
128786,2014-11-02,27.34656758,-86.83517906,8.90456914507137,-2.263351772886643,0.5026948027758635,1,Foraging
128786,2014-11-03,27.29541844,-86.90453279,25.52355113987558,-1.558240147586569,0.7051116253000735,1,Foraging
128786,2014-11-04,27.29806325,-87.16281821,25.08550181468249,1.4102819051935216,2.9685220527800906,1,Foraging
128786,2014-11-05,27.33389637,-86.91212816,10.104086026388114,1.6582001794267527,0.2479182742332311,1,Foraging
128786,2014-11-06,27.32592729,-86.81023668,6.4586863846974385,2.8286568560618472,1.1704566766350943,1,Foraging
128786,2014-11-07,27.27066242,-86.79011921,16.309031085907257,-3.103141395813196,0.35138705530454306,1,Foraging
128786,2014-11-08,27.12410005,-86.7964542,47.56910726545681,2.3898688130230634,-0.790175098343326,0,Traveling
128786,2014-11-09,26.81120812,-86.46912269,36.7755039622419,1.8421819626366198,-0.5476868503864436,0,Traveling
128786,2014-11-10,26.7221035,-86.11239803,21.023561803845514,0.5211526139513837,-1.321029348685236,0,Traveling
128786,2014-11-11,26.88603413,-86.00685597,29.945492684822423,-1.1547724610059737,-1.6759250749573575,0,Traveling
128786,2014-11-12,26.9945989,-86.28331129,15.374616504821113,-0.7530969258667835,0.4016755351391903,0,Traveling
128786,2014-11-13,27.09543531,-86.38953003,40.9328062251737,-1.5067915124574094,-0.7536945865906262,0,Traveling
128786,2014-11-14,27.11837769,-86.80226818,49.873426579519865,-1.6915081313152915,-0.18471661885788215,0,Traveling
128786,2014-11-15,27.06348206,-87.3022775,38.189956841170684,-1.8946935973719927,-0.20318546605670118,0,Traveling
128786,2014-11-16,26.95370265,-87.66754783,27.283869593922585,-2.233152548187788,-0.33845895081579513,0,Traveling
128786,2014-11-17,26.8026404,-87.884322,34.17098069128697,-1.3061653194873528,0.926987228700435,0,Traveling
128786,2014-11-18,26.88262902,-88.21686835,21.73267205509665,1.9598084566251144,-3.017211531067119,0,Traveling
128786,2014-11-19,26.80835663,-88.01424692,61.24235109532041,1.2713206710236125,-0.6884877856015019,0,Traveling
128786,2014-11-20,26.96961784,-87.42377877,24.38284598067056,-0.3518490225397214,-1.6231696935633337,1,Foraging
128786,2014-11-21,27.17543883,-87.50872734,21.143415809717666,-0.5964851414260486,-0.2446361188863273,1,Foraging
128786,2014-11-22,27.3326993,-87.62896398,14.54406471857403,-0.6385928524734966,-0.04210771104744815,1,Foraging
128786,2014-11-23,27.43769409,-87.71680971,11.029589554557809,-1.1857125734775602,-0.5471197210040635,1,Foraging
128786,2014-11-24,27.47491574,-87.82042339,66.37392695650874,-2.789404153028905,-1.6036915795513447,0,Traveling
128786,2014-11-25,26.91444907,-88.05133983,29.22411617480386,0.9432149332821452,-2.550566220868536,0,Traveling
128786,2014-11-26,27.06857218,-87.81243191,59.942025097362276,0.78261646671886,-0.16059846656328514,0,Traveling
128786,2014-11-27,27.45016281,-87.38408832,67.20364533493115,-3.085785841310384,2.414782999150342,0,Traveling
128786,2014-11-28,26.84672171,-87.42187082,49.10728894492655,1.7706550177146403,-1.4267444481545617,0,Traveling
128786,2014-11-29,26.75821798,-86.93711831,27.393345015232963,-1.8648252585241698,2.6477050309407764,0,Traveling
128786,2014-11-30,26.68657764,-87.20101088,37.15379794677456,-1.9105183323653754,-0.04569307384120558,0,Traveling
128786,2014-12-01,26.5748021,-87.55326158,42.72801014820297,-1.9602001418376702,-0.04968180947229506,0,Traveling
128786,2014-12-02,26.42837195,-87.95024451,26.927471463091457,-1.6815061584513857,0.2786939833862845,1,Foraging
128786,2014-12-03,26.40136557,-88.21895264,11.79710089303711,1.4670547848225681,-3.1346243639056324,1,Foraging
128786,2014-12-04,26.41230393,-88.10113042,31.857299716209717,2.804041995132174,1.3369872103096059,1,Foraging
128786,2014-12-05,26.1419331,-87.99543681,29.38386452615635,-2.3124603728260804,1.1666829392213316,1,Foraging
128786,2014-12-06,25.96326235,-88.2121566,12.159156887069146,2.6486155162875225,-1.322109418065983,1,Foraging
128786,2014-12-07,25.8669216,-88.15464456,8.307046739026271,-3.0003026637997063,0.6342671270923574,1,Foraging
128786,2014-12-08,25.79295851,-88.16632892,10.25363752699903,-2.744310418574993,0.2559922452247134,1,Foraging
128786,2014-12-09,25.70792191,-88.20592698,18.924215483460365,-2.392263789596014,0.35204662897897876,1,Foraging
128786,2014-12-10,25.58326196,-88.33445185,16.578045499915895,-1.3213948570962113,1.0708689324998026,1,Foraging
128786,2014-12-11,25.61997366,-88.49468262,6.117473607662626,0.5372834668418283,1.8586783239380393,1,Foraging
128786,2014-12-12,25.6672345,-88.46344273,31.15185822227331,1.1365104881220789,0.5992270212802504,1,Foraging
128786,2014-12-13,25.78484189,-88.18119125,18.503385365162742,-0.2502964110755981,-1.386806899197677,1,Foraging
128786,2014-12-14,25.94605431,-88.22702831,13.966217053442222,-0.34561242958334143,-0.0953160185077433,1,Foraging
128786,2014-12-15,26.06422078,-88.27439574,8.726221608673784,0.09407310795837033,0.4396855375417119,1,Foraging
128786,2014-12-16,26.14235035,-88.26618403,48.27922783758171,1.4983243618899798,1.4042512539316094,0,Traveling
128786,2014-12-17,26.17298537,-87.7836626,32.57996779725502,1.4847572856286184,-0.013567076261361333,0,Traveling
128786,2014-12-18,26.19779794,-87.4583275,42.35244035831929,1.0225450694820963,-0.4622122161465221,0,Traveling
128786,2014-12-19,26.39585781,-87.09543256,36.37334179079712,0.7432785031594974,-0.27926656632259883,0,Traveling
128786,2014-12-20,26.63648301,-86.84779131,17.5364854625951,-1.0512800774276874,-1.7945585805871849,1,Foraging
128786,2014-12-21,26.7146973,-87.00105209,5.443997310360794,-1.3800314776537408,-0.32875140022605365,1,Foraging
128786,2014-12-22,26.72397027,-87.05487184,10.500023348657976,-2.3701301937573427,-0.9900987161036019,1,Foraging
128786,2014-12-23,26.65625589,-87.12853566,19.47475300435607,2.9617055347703407,-0.9513495786519037,1,Foraging
128786,2014-12-24,26.48393703,-87.09352585,33.17347209958591,-2.9862726598808518,0.3352071125283942,1,Foraging
128786,2014-12-25,26.18918297,-87.14495697,19.864772931315823,0.5514673150234888,-2.7454453322752457,1,Foraging
128786,2014-12-26,26.34131004,-87.04051167,31.206674982457987,1.0406524378912647,0.48918512286777593,1,Foraging
128786,2014-12-27,26.48296795,-86.77000128,20.811037237301285,-1.5032781535589541,-2.543930591450219,1,Foraging
128786,2014-12-28,26.49544329,-86.97864719,37.150443248089694,-1.2213375646416023,0.28194058891735185,0,Traveling
128786,2014-12-29,26.60940659,-87.32974347,31.643952090668133,-1.523508674276784,-0.3021711096351818,0,Traveling
128786,2014-12-30,26.62250538,-87.64771883,40.94497563500061,-1.798700608596548,-0.2751919343197642,0,Traveling
128786,2014-12-31,26.53874758,-88.04867219,38.32705645357336,-2.0307946826022714,-0.23209407400572335,0,Traveling
128786,2015-01-01,26.38531205,-88.39344323,23.79144789412143,2.9157906958183966,-1.3365999287589183,1,Foraging
128786,2015-01-02,26.17677197,-88.3400653,13.434148782018049,2.5473955460088717,-0.3683951498095248,1,Foraging
128786,2015-01-03,26.07664429,-88.26476176,24.978712945311784,-1.3096496821459798,2.4261400790247345,1,Foraging
128786,2015-01-04,26.1344421,-88.50649881,11.06380681245702,-2.759774146780258,-1.4501244646342781,1,Foraging
128786,2015-01-05,26.0421021,-88.54776249,18.97586221561807,-2.02904950044297,0.7307246463372881,1,Foraging
128786,2015-01-06,25.96650807,-88.71799446,24.413970514831977,-1.7067419367439274,0.32230756369904245,1,Foraging
128786,2015-01-07,25.9365507,-88.95989324,18.923960948754225,-1.2176182391464705,0.4891236975974569,1,Foraging
128786,2015-01-08,25.99530697,-89.13754979,20.997106103797005,-0.7704942448395389,0.4471239943069314,1,Foraging
128786,2015-01-09,26.13073233,-89.28404167,38.85136505970792,-0.25318596694514317,0.5173082778943958,0,Traveling
128786,2015-01-10,26.46895895,-89.38181044,32.961370159627535,-0.38167590011289493,-0.1284899331677516,0,Traveling
128786,2015-01-11,26.7440039,-89.50544879,36.93251657308323,-2.7860386157576116,-2.4043627156447167,0,Traveling
128786,2015-01-12,26.43257762,-89.63456849,39.99392472685317,-1.9516148056903748,0.8344238100672365,0,Traveling
128786,2015-01-13,26.29841147,-90.00702567,43.169253213294674,2.668746660355092,-1.6628238411341192,0,Traveling
128786,2015-01-14,25.95264546,-89.81038838,23.961463984653168,-2.4911814958956833,1.1232571509288114,0,Traveling
128786,2015-01-15,25.78107844,-89.95529431,19.439995088458865,1.5874205117436264,-2.2045832995402765,0,Traveling
128786,2015-01-16,25.77804341,-89.76117238,40.2590742412126,1.2415684968063454,-0.345852014937281,0,Traveling
128786,2015-01-17,25.89460554,-89.38032103,13.748696427061322,0.8549182522684673,-0.38665024453787833,1,Foraging
128786,2015-01-18,25.97571437,-89.27654532,30.506475340672882,-1.1276693749784648,-1.982587627246932,1,Foraging
128786,2015-01-19,26.09308521,-89.55252633,8.573449040722451,-0.8415613013576516,0.28610807362081303,1,Foraging
128786,2015-01-20,26.14444467,-89.61657367,11.854555198812756,1.1540017461285457,1.995563047486197,1,Foraging
128786,2015-01-21,26.18756325,-89.50793899,11.731821800445198,1.4249870346788396,0.2709852885502939,1,Foraging
128786,2015-01-22,26.20284589,-89.39159591,2.8764793961066015,2.4764850591296734,1.0514980244508338,1,Foraging
128786,2015-01-23,26.18248992,-89.37380575,9.097329297471825,-2.1532538242147026,1.6534464238352102,1,Foraging
128786,2015-01-24,26.1374657,-89.44991263,8.501739537108925,2.679822668784073,-1.45010881418081,1,Foraging
128786,2015-01-25,26.06901056,-89.41199001,2.042471844477863,1.37310388355307,-1.3067187852310032,1,Foraging
128786,2015-01-26,26.07261686,-89.39193895,25.417932052238246,-0.09397335556404982,-1.4670772391171198,1,Foraging
128786,2015-01-27,26.30019525,-89.4158653,3.7178198212964793,0.4208981009271329,0.5148714564911829,1,Foraging
128786,2015-01-28,26.33071146,-89.40062294,11.844082246703127,0.1675292993183043,-0.2533688016088287,1,Foraging
128786,2015-01-29,26.43573523,-89.38078759,19.319125621661208,1.1084422794262443,0.9409129801079397,1,Foraging
128786,2015-01-30,26.51312844,-89.20701296,10.241111062705945,1.1696956575239834,0.06125337809773912,1,Foraging
128786,2015-01-31,26.5490561,-89.11222733,22.601347074686522,1.5348045084403956,0.3651088509164122,1,Foraging
128786,2015-02-01,26.55619024,-88.8851417,3.0032124927801056,-2.63251953183893,2.1158612669002608,1,Foraging
128786,2015-02-02,26.53260572,-88.89985433,16.42515105199997,0.7952122688541224,-2.8554535064865334,1,Foraging
128786,2015-02-03,26.63597728,-88.78186191,30.34222577940164,0.8704055053716225,0.07519323651750032,1,Foraging
128786,2015-02-04,26.81165801,-88.54809367,15.134165154991313,0.027506346420798244,-0.8428991589508241,1,Foraging
128786,2015-02-05,26.94771128,-88.54389445,10.768205891014167,0.38198798118479255,0.3544816347639941,1,Foraging
128786,2015-02-06,27.03756653,-88.50336612,4.771826412686305,0.10482187699374787,-0.2771661041910445,1,Foraging
128786,2015-02-07,27.08024496,-88.49832316,1.8835935653882647,-2.109634760231607,-2.2144566372253545,1,Foraging
128786,2015-02-08,27.07155166,-88.51465142,10.679950784568442,2.4033441519498346,-1.7702063949981444,1,Foraging
128786,2015-02-09,27.00049196,-88.44210499,12.322068245427579,3.1322688116264956,0.728924659676661,1,Foraging
128786,2015-02-10,26.88968175,-88.44094653,3.28695294582812,-0.6737359417841474,2.4771805537689433,1,Foraging
128786,2015-02-11,26.91278149,-88.46162952,15.461192310407181,-0.12066556711299599,0.5530703746711514,1,Foraging
128786,2015-02-12,27.05081505,-88.48042278,21.31659515262471,0.06593833229565375,0.18660389940864963,1,Foraging
128786,2015-02-13,27.24210248,-88.46621539,14.387270024829363,-0.4914987093259183,-0.5574370416215721,1,Foraging
128786,2015-02-14,27.35615743,-88.53496849,8.281640685896035,-1.2634683295218736,-0.7719696201959554,1,Foraging
128786,2015-02-15,27.3786654,-88.61491216,12.331553354281958,-2.312381728562559,-1.0489133990406856,1,Foraging
128786,2015-02-16,27.30372673,-88.70694332,24.545860363133976,-1.5177638958294657,0.7946178327330933,1,Foraging
128786,2015-02-17,27.315209,-88.95504366,20.33444371921652,-0.0874087420350821,1.430355153794384,1,Foraging
128786,2015-02-18,27.49738174,-88.97304103,28.485842748117104,0.03686644198797633,0.12427518402305848,0,Traveling
128786,2015-02-19,27.7533866,-88.96237134,43.687877397517504,-1.670889037623457,-1.7077554796114334,0,Traveling
128786,2015-02-20,27.71342515,-89.40395681,24.18365424311798,-2.0827806663016832,-0.41189162867822615,1,Foraging
128786,2015-02-21,27.60671117,-89.61791749,15.494873412121025,-2.9576938130521957,-0.8749131467505125,1,Foraging
128786,2015-02-22,27.46970914,-89.64663737,23.409033576571446,-2.6239748581508286,0.33371895490136705,1,Foraging
128786,2015-02-23,27.28671596,-89.76384904,26.03563184150583,-2.79859683056876,-0.1746219724179312,1,Foraging
128786,2015-02-24,27.06618268,-89.85227848,14.299441304537721,-2.431781869461734,0.3668149611070257,1,Foraging
128786,2015-02-25,26.96861177,-89.94630993,49.015449306622635,1.0789286918782077,-2.772474745839644,0,Traveling
128786,2015-02-26,27.17611955,-89.50954407,60.54241679047014,1.251341772599676,0.17241308072146833,0,Traveling
128786,2015-02-27,27.34590867,-88.92758408,39.4434771680836,1.223549967409771,-0.027791805189905094,0,Traveling
128786,2015-02-28,27.4661213,-88.55165955,19.82850379267019,1.2617570932789244,0.0382071258691532,1,Foraging
128786,2015-03-01,27.52022574,-88.36011115,15.516114712287807,-1.7037134185628169,-2.9654705118417413,1,Foraging
128786,2015-03-02,27.50164614,-88.51604055,42.29088572310614,-1.887235535460592,-0.18352211689777498,0,Traveling
128786,2015-03-03,27.38270088,-88.92309735,60.12936349020342,-1.9519079325277457,-0.06467239706715366,0,Traveling
128786,2015-03-04,27.18043092,-89.48736696,20.622148559577912,-1.3455542461144612,0.6063536864132848,1,Foraging
128786,2015-03-05,27.2217053,-89.6906576,20.346535869432877,2.049602163467225,-2.8880288975979003,1,Foraging
128786,2015-03-06,27.13728426,-89.50816421,17.277967280979222,0.17365383034126078,-1.875948333125964,1,Foraging
128786,2015-03-07,27.29032854,-89.47795398,13.815041143026734,0.42108705528060564,0.24743322493934494,1,Foraging
128786,2015-03-08,27.40370544,-89.42075088,7.553060643350832,0.021181288864408433,-0.39990576641619713,1,Foraging
128786,2015-03-09,27.4716165,-89.41912938,6.698400100131884,1.3185850371900691,1.2974037483256602,1,Foraging
128786,2015-03-10,27.48663374,-89.35337228,12.934705736399689,2.082664716421363,0.764079679231294,1,Foraging
128786,2015-03-11,27.42961049,-89.2391114,45.84141755116908,2.8824724596235,0.7998077432021371,0,Traveling
128786,2015-03-12,27.03106162,-89.12052384,20.51152655414035,-2.470758287006989,0.9299545605490973,1,Foraging
128786,2015-03-13,26.88651153,-89.24909196,11.758764053540192,-2.2178540931531354,0.25290419385385343,1,Foraging
128786,2015-03-14,26.82273012,-89.34363748,33.29630929476456,-0.7643601612535749,1.45349393189956,1,Foraging
128786,2015-03-15,27.03868381,-89.57630316,16.084013488861004,-1.530306545614144,-0.7659463843605692,1,Foraging
128786,2015-03-16,27.04444589,-89.73857547,22.376038148891595,-1.6638552321345939,-0.1335486865204496,1,Foraging
128786,2015-03-17,27.02556765,-89.9634981,39.785110330640215,-1.8075927900898785,-0.14373755795528442,0,Traveling
128786,2015-03-18,26.9410948,-90.3536525,52.74860569785243,-1.9246493915508096,-0.11705660146093111,0,Traveling
128786,2015-03-19,26.77583999,-90.85208637,59.260895193565574,-1.4805296112208404,0.44411978032996924,0,Traveling
128786,2015-03-20,26.8226402,-91.44685736,60.77960424751755,-1.66324504980311,-0.18271543858226957,0,Traveling
128786,2015-03-21,26.77087355,-92.05647077,70.47909965429803,-2.1732304851661266,-0.5099854353630167,0,Traveling
128786,2015-03-22,26.41051972,-92.63958118,65.72177265847584,-2.278567314376458,-0.10533682921033138,0,Traveling
128786,2015-03-23,26.02538612,-93.13934234,72.02042477809931,-2.2758165783869546,0.0027507359895033723,0,Traveling
128786,2015-03-24,25.60461972,-93.68633938,66.96825540939261,-2.3721447957823103,-0.09632821739535569,0,Traveling
128786,2015-03-25,25.17129166,-94.14931596,68.18101516910582,-2.4279388484220013,-0.05579405263969095,0,Traveling
128786,2015-03-26,24.70709851,-94.59113724,73.85096275940388,-2.3935627032817077,0.034376145140293524,0,Traveling
128786,2015-03-27,24.21943959,-95.08649064,43.24912745662404,-2.0991664909417795,0.2943962123399282,0,Traveling
128786,2015-03-28,24.02291912,-95.45425268,18.49884377912813,-0.19307613100785412,1.9060903599339252,1,Foraging
128786,2015-03-29,24.18618797,-95.48924614,32.55725238701989,0.12037371124161252,0.3134498422494665,1,Foraging
128786,2015-03-30,24.47685879,-95.45061474,9.070182126792805,-2.197374773072481,-2.3177484843140936,1,Foraging
128786,2015-03-31,24.42901066,-95.52318672,16.256094913080968,-2.6539644782262917,-0.4565897051538106,1,Foraging
128786,2015-04-01,24.29983701,-95.59834189,23.333104573283908,-2.9766422419527734,-0.3226777637264817,1,Foraging
128786,2015-04-02,24.09284096,-95.6360863,28.81746491756022,-2.998545540984456,-0.021903299031682533,1,Foraging
128786,2015-04-03,23.836321,-95.67647742,28.12645118492286,-2.430235535721279,0.5683100052631769,1,Foraging
128786,2015-04-04,23.64461466,-95.85675071,17.480726822976507,2.572084530762906,-1.2808652406954018,1,Foraging
128786,2015-04-05,23.51219204,-95.76430626,17.74991490751586,1.6655406130586037,-0.906543917704302,1,Foraging
128786,2015-04-06,23.49699489,-95.59102501,6.8479543532484435,0.6044073328406441,-1.0611332802179598,1,Foraging
128786,2015-04-07,23.54766489,-95.55284874,0.8293723182432728,2.357558659160781,1.753151326320137,1,Foraging
128786,2015-04-08,23.54238348,-95.54710363,9.778969811477818,-2.3010934275881194,1.6245332204306857,1,Foraging
128786,2015-04-09,23.48370027,-95.61853665,14.561108920120757,-2.578135258473299,-0.2770418308851794,1,Foraging
128786,2015-04-10,23.37297385,-95.69473168,20.54062735231595,-2.607246980703781,-0.029111722230481973,1,Foraging
128786,2015-04-11,23.21396475,-95.79709611,28.648094044577174,2.775857534724953,-0.9000807917508524,1,Foraging
128786,2015-04-12,22.97333456,-95.69701807,19.900473320026904,-0.7284456219024962,2.7788821505521373,1,Foraging
128786,2015-04-13,23.10683056,-95.82655156,12.593188527734469,-0.8819406563646965,-0.15349503446220059,1,Foraging
128786,2015-04-14,23.17879197,-95.92165691,3.6270041959718275,3.007103967770163,-2.3941406830447267,1,Foraging
128786,2015-04-15,23.14646801,-95.91690043,7.895896103554484,2.9091432132138655,-0.09796075455629749,1,Foraging
128786,2015-04-16,23.07736731,-95.89911968,15.763798610594904,-2.504051410554035,0.869990683411686,1,Foraging
128786,2015-04-17,22.96342217,-95.99076506,37.10991399169601,-2.2193994106766852,0.28465199987734957,0,Traveling
128786,2015-04-18,22.76155967,-96.27919135,61.664885799421626,-1.4193888086405588,0.8000106020361262,0,Traveling
128786,2015-04-19,22.84410226,-96.87407376,55.82333094232708,1.8289197457953634,-3.0348767527436635,0,Traveling
128786,2015-04-20,22.71508663,-96.3478587,33.103602946303084,1.220749425575145,-0.6081703202202187,0,Traveling
128786,2015-04-21,22.8168968,-96.0444638,15.647888436736853,0.5981979434410377,-0.6225514821341074,1,Foraging
128786,2015-04-22,22.93316191,-95.95841257,13.57949562923089,0.7459040638909418,0.14770612044990417,1,Foraging
128786,2015-04-23,23.022833,-95.86836274,7.177245747753778,0.5794566190272902,-0.16644744486365148,1,Foraging
128786,2015-04-24,23.07683833,-95.82994485,7.818255839157486,1.8431969566710984,1.2637403376438083,1,Foraging
128786,2015-04-25,23.05790444,-95.75634629,14.943615854921044,2.730535672532055,0.8873387158609569,1,Foraging
128786,2015-04-26,22.93469751,-95.69803715,7.565794631324166,-1.826223693377728,1.7264259412698033,1,Foraging
128786,2015-04-27,22.91749039,-95.76951219,9.582190775356215,-1.6824140757773982,0.14380961760033006,1,Foraging
128786,2015-04-28,22.90786467,-95.86248309,3.7559468675554144,-1.558862049988809,0.12355202578858915,1,Foraging
128786,2015-04-29,22.90826357,-95.89915073,8.051586667528428,0.00803475020021098,1.5668968001890198,1,Foraging
128786,2015-04-30,22.98067089,-95.89851879,21.389767251240492,0.2079774799162907,0.19994272971607963,1,Foraging
128786,2015-05-01,23.16888251,-95.85531511,17.48324427047079,0.47300976588233007,0.26503228596603945,1,Foraging
128786,2015-05-02,23.30883015,-95.77732051,14.009747627397735,0.7713827354956052,0.2983729696132751,1,Foraging
128786,2015-05-03,23.39913122,-95.68161701,8.34323522364123,1.0861010703122904,0.3147183348166851,1,Foraging
128786,2015-05-04,23.43407512,-95.60925873,24.803474528699823,0.660866059081553,-0.4252350112307375,1,Foraging
128786,2015-05-05,23.61010348,-95.4598347,16.062150687750904,0.7556888530461354,0.09482279396458226,1,Foraging
128786,2015-05-06,23.71519686,-95.35163529,73.1864302245442,0.40655225937870154,-0.349136593667434,0,Traveling
128786,2015-05-07,24.31946666,-95.06602098,69.17944696790101,0.32834050922712654,-0.07821175015157511,0,Traveling
128786,2015-05-08,24.9082159,-94.84482457,59.8858191761847,0.20447117006575566,-0.123869339161371,0,Traveling
128786,2015-05-09,25.43551388,-94.7237331,64.30943562705454,0.5716568027856387,0.3671856327198828,0,Traveling
128786,2015-05-10,25.92149799,-94.37583393,54.8891870911167,0.5048939781483396,-0.0667628246372991,0,Traveling
128786,2015-05-11,26.35329199,-94.10936694,34.194714251913084,0.4935932299480092,-0.011300748200330446,0,Traveling
128786,2015-05-12,26.62401332,-93.94638475,3.270298104939557,-1.22941504815899,-1.7230082781069993,0,Traveling
128786,2015-05-13,26.63385627,-93.97738781,32.240344394087664,0.8089155684485608,2.038330616607551,0,Traveling
128786,2015-05-14,26.83380669,-93.74228621,29.38212117869951,1.2717109370642583,0.46279536861569737,0,Traveling
128786,2015-05-15,26.91138204,-93.45911118,62.54131145181057,1.0308739190278704,-0.2408370180363879,0,Traveling
128786,2015-05-16,27.19948211,-92.91669281,51.22198589073812,1.0770555055895412,0.04618158656167104,0,Traveling
128786,2015-05-17,27.41705384,-92.4597333,43.9478573421924,1.2284833451032966,0.15142783951375538,0,Traveling
128786,2015-05-18,27.54909115,-92.03981944,38.37713292798321,1.4670652061243388,0.23858186102104195,0,Traveling
128786,2015-05-19,27.58429127,-91.65251563,32.15485694559474,1.142210114966569,-0.32485509115776967,0,Traveling
128786,2015-05-20,27.70415222,-91.35543767,30.659268331827885,1.2492418618497463,0.10703174688317718,0,Traveling
128786,2015-05-21,27.79097883,-91.05973649,39.27123262202695,1.1778862843647149,-0.07135557748503141,0,Traveling
128786,2015-05-22,27.92571084,-90.69047558,22.056494107005815,1.9662178590857526,0.7883315747210378,0,Traveling
128786,2015-05-23,27.84914882,-90.48344508,26.607744250728434,2.139815997586855,0.17359813850110228,0,Traveling
128786,2015-05-24,27.72003139,-90.25572573,28.695601763039658,2.4449098029704257,0.3050938053835708,0,Traveling
128786,2015-05-25,27.52197619,-90.06900007,39.7940460706257,2.5250627470176124,0.08015294404718665,0,Traveling
128786,2015-05-26,27.22979489,-89.8362841,37.01915385638069,2.7348239077655054,0.20976116074789308,0,Traveling
128786,2015-05-27,26.92396124,-89.68855371,9.35016846636791,2.275462047208423,-0.4593618605570824,1,Foraging
128786,2015-05-28,26.86947256,-89.61673992,11.069443738696657,1.3087555747184514,-0.9667064724899719,1,Foraging
128786,2015-05-29,26.89522028,-89.50892673,35.79352190732715,0.7857277220034993,-0.5230278527149519,1,Foraging
128786,2015-05-30,27.12253159,-89.25310331,22.08868426518504,0.6024939048760838,-0.1832338171274155,1,Foraging
128786,2015-05-31,27.28614604,-89.12643502,22.555574447643405,0.9867500113966848,0.38425610652060094,1,Foraging
128786,2015-06-01,27.39786758,-88.93583282,11.728306717586158,1.1074388857146316,0.12068887431794684,1,Foraging
128786,2015-06-02,27.44496984,-88.82951342,1.6866620851424587,2.0346355277069716,0.9271966419923405,1,Foraging
128786,2015-06-03,27.43818284,-88.81422812,6.752316875565555,-2.817569093124708,1.4309806863479064,1,Foraging
128786,2015-06-04,27.38061611,-88.83600117,17.383284484348504,1.6571554749051691,-1.8084607391497087,1,Foraging
128786,2015-06-05,27.36702261,-88.66062387,37.980724625263136,1.3738437101592866,-0.2833117647458825,0,Traveling
128786,2015-06-06,27.4333539,-88.28321763,31.07170859582522,1.298768484206571,-0.07507522595271565,0,Traveling
128786,2015-06-07,27.50810518,-87.97974981,30.70941937204095,1.425710669960923,0.126942185754352,0,Traveling
128786,2015-06-08,27.54769435,-87.67153077,21.08852759033664,1.6232673824972774,0.19755671253635443,1,Foraging
128786,2015-06-09,27.53758434,-87.45793981,19.601147665802316,1.940011723741055,0.3167443412437776,1,Foraging
128786,2015-06-10,27.47384588,-87.27264427,23.77369014107325,2.22173731826026,0.2817255945192052,1,Foraging
128786,2015-06-11,27.34416483,-87.0811669,35.39038172825681,0.9709505924006563,-1.2507867258596037,0,Traveling
128786,2015-06-12,27.52352237,-86.7849292,63.21054607909343,0.6215579079786137,-0.3493926844220425,0,Traveling
128786,2015-06-13,27.98516658,-86.41008186,4.240129717448508,1.7899068681493122,1.1683489601706984,1,Foraging
128786,2015-06-14,27.97687164,-86.36793585,11.005735435668097,2.30711434392728,0.5172074757779677,1,Foraging
128786,2015-06-15,27.91037735,-86.28494594,13.508545326182963,0.06934862965042049,-2.2377657142768594,1,Foraging
128786,2015-06-16,28.03157028,-86.27540908,16.991418570654925,-1.2997757964446603,-1.3691244260950808,1,Foraging
128786,2015-06-17,28.07237832,-86.44226933,43.55258524254666,-1.8358491163955089,-0.5360733199508485,0,Traveling
128786,2015-06-18,27.96911069,-86.87025872,36.92312385358251,2.347477508122994,-2.0998586826610834,0,Traveling
128786,2015-06-19,27.73610742,-86.60267607,54.53717399378866,1.449345330900216,-0.8981321772227782,0,Traveling
128786,2015-06-20,27.79443959,-86.0523269,21.377245507263655,2.441924586122843,0.9925792552226271,0,Traveling
128786,2015-06-21,27.64728714,-85.91256722,37.52512205738078,-0.45853352480625087,-2.900458110929094,0,Traveling
128786,2015-06-22,27.9497961,-86.08166682,18.812497136946252,-0.5031571058155981,-0.04462358100934738,1,Foraging
128786,2015-06-23,28.09798205,-86.17414588,12.740276292104882,-1.1011649234460987,-0.5980078176305006,1,Foraging
128786,2015-06-24,28.14978563,-86.29002373,11.83384284943588,-1.8171706364470495,-0.7160057130009507,1,Foraging
128786,2015-06-25,28.12378016,-86.4070517,16.354147103278724,-2.4759224138582123,-0.6587517774111626,1,Foraging
128786,2015-06-26,28.00806575,-86.50993337,46.17575742257179,-2.679717308308586,-0.20379489445037358,0,Traveling
128786,2015-06-27,27.63615194,-86.71881887,30.10934834154898,-0.2778369605741377,2.4018803477344477,1,Foraging
128786,2015-06-28,27.89652233,-86.80285228,20.07279859571003,-1.229497657576525,-0.9516606970023873,1,Foraging
128786,2015-06-29,27.95681021,-86.99543308,17.69340240259554,2.8510512737833364,-2.2026363758197247,1,Foraging
128786,2015-06-30,27.80434894,-86.94389998,7.45154718222309,-0.9708854117587826,2.461248621637467,1,Foraging
128786,2015-07-01,27.84216852,-87.00645319,5.209747410607464,2.0400129966618694,3.010898408420652,1,Foraging
128786,2015-07-02,27.8209744,-86.95920282,11.951848153884521,-2.8878155874222777,1.355356723095439,1,Foraging
128786,2015-07-03,27.71692815,-86.98968609,28.07683125144932,2.7809606115355434,-0.6144091082217642,0,Traveling
128786,2015-07-04,27.4806333,-86.88925549,53.45978922690638,-0.10251194829399883,-2.883472559829542,0,Traveling
128786,2015-07-05,27.95887369,-86.94495486,41.02728661156654,0.057643812072316225,0.1601557603663153,0,Traveling
128786,2015-07-06,28.327226,-86.92080637,40.01538561210476,-0.44084584550392547,-0.49848965757624164,0,Traveling
128786,2015-07-07,28.65257485,-87.09579047,22.262631127971858,-1.0324443025736754,-0.5915984570697499,1,Foraging
128786,2015-07-08,28.75508706,-87.29186284,13.211429198395113,-1.7071819913510464,-0.6747376887773711,1,Foraging
128786,2015-07-09,28.7388665,-87.42610923,26.289700570871158,-1.7855458012491476,-0.07836380989810099,1,Foraging
128786,2015-07-10,28.68822777,-87.68943173,11.616157307145917,-1.4766185683830138,0.3089272328661341,1,Foraging
